{
  "FullStudy":{
    "Rank":367501,
    "Study":{
      "ProtocolSection":{
        "IdentificationModule":{
          "NCTId":"NCT00030355",
          "OrgStudyIdInfo":{
            "OrgStudyId":"CDR0000069158"
          },
          "SecondaryIdInfoList":{
            "SecondaryIdInfo":[
              {
                "SecondaryId":"CHEMGENEX-CGX-635-APL-101"
              },{
                "SecondaryId":"MDA-DM-01265"
              }
            ]
          },
          "Organization":{
            "OrgFullName":"National Cancer Institute (NCI)",
            "OrgClass":"NIH"
          },
          "BriefTitle":"Homoharringtonine in Treating Patients With Refractory Acute Promyelocytic Leukemia",
          "OfficialTitle":"A Phase I/II Open-Label Study Of The Intravenous Administration Of Homoharringtonine (CGX-635) Salvage Therapy For The Treatment Of Refractory Acute Promyelocytic Leukemia"
        },
        "StatusModule":{
          "StatusVerifiedDate":"September 2007",
          "OverallStatus":"Withdrawn",
          "ExpandedAccessInfo":{
            "HasExpandedAccess":"No"
          },
          "StudyFirstSubmitDate":"February 14, 2002",
          "StudyFirstSubmitQCDate":"January 26, 2003",
          "StudyFirstPostDateStruct":{
            "StudyFirstPostDate":"January 27, 2003",
            "StudyFirstPostDateType":"Estimate"
          },
          "LastUpdateSubmitDate":"March 21, 2013",
          "LastUpdatePostDateStruct":{
            "LastUpdatePostDate":"March 22, 2013",
            "LastUpdatePostDateType":"Estimate"
          }
        },
        "SponsorCollaboratorsModule":{
          "LeadSponsor":{
            "LeadSponsorName":"National Cancer Institute (NCI)",
            "LeadSponsorClass":"NIH"
          }
        },
        "DescriptionModule":{
          "BriefSummary":"RATIONALE: Drugs used in chemotherapy use different ways to stop cancer cells from dividing so they stop growing or die.\n\nPURPOSE: Phase I/II trial to study the effectiveness of homoharringtonine in treating patients who have refractory acute promyelocytic leukemia.",
          "DetailedDescription":"OBJECTIVES:\n\nDetermine the safety of salvage therapy comprising homoharringtonine in patients with refractory acute promyelocytic leukemia.\nDetermine the antileukemic efficacy of this drug in these patients.\n\nOUTLINE: Patients receive remission induction therapy comprising homoharringtonine (HH) IV continuously on days 1-14. Courses repeat every 4 weeks in the absence of unacceptable toxicity until a complete remission (CR) is achieved or the patient fails to respond after 3 courses.\n\nPatients who achieve a CR during induction therapy receive maintenance therapy comprising HH IV continuously on days 1-7. Maintenance treatment repeats every 4 weeks for a total of 12 courses in the absence of disease progression or unacceptable toxicity.\n\nPatients are followed at 4 weeks.\n\nPROJECTED ACCRUAL: A maximum of 20 patients will be accrued for this study."
        },
        "ConditionsModule":{
          "ConditionList":{
            "Condition":[
              "Leukemia"
            ]
          },
          "KeywordList":{
            "Keyword":[
              "recurrent childhood acute myeloid leukemia",
              "recurrent adult acute myeloid leukemia",
              "adult acute promyelocytic leukemia (M3)",
              "childhood acute promyelocytic leukemia (M3)",
              "adult acute myeloid leukemia with t(15;17)(q22;q12)"
            ]
          }
        },
        "DesignModule":{
          "StudyType":"Interventional",
          "PhaseList":{
            "Phase":[
              "Phase 1",
              "Phase 2"
            ]
          },
          "DesignInfo":{
            "DesignPrimaryPurpose":"Treatment"
          },
          "EnrollmentInfo":{
            "EnrollmentCount":"0",
            "EnrollmentType":"Actual"
          }
        },
        "ArmsInterventionsModule":{
          "InterventionList":{
            "Intervention":[
              {
                "InterventionType":"Drug",
                "InterventionName":"homoharringtonine"
              },{
                "InterventionType":"Procedure",
                "InterventionName":"chemotherapy"
              }
            ]
          }
        },
        "OutcomesModule":{
          "PrimaryOutcomeList":{
            "PrimaryOutcome":[
              {
                "PrimaryOutcomeMeasure":"Safety by physical examinations, vital signs, laboratory studies (routine hematology, clinical chemistry, pharmacokinetics, urinalysis, chest x-ray, and EKG), and solicited and unsolicited adverse events"
              },{
                "PrimaryOutcomeMeasure":"Efficacy by response to treatment"
              }
            ]
          },
          "SecondaryOutcomeList":{
            "SecondaryOutcome":[
              {
                "SecondaryOutcomeMeasure":"Pharmacokinetics"
              },{
                "SecondaryOutcomeMeasure":"Duration of treatment response"
              },{
                "SecondaryOutcomeMeasure":"Survival"
              },{
                "SecondaryOutcomeMeasure":"Induction mortality"
              },{
                "SecondaryOutcomeMeasure":"Hospitalizations"
              }
            ]
          }
        },
        "EligibilityModule":{
          "EligibilityCriteria":"DISEASE CHARACTERISTICS:\n\nDiagnosis of acute promyelocytic leukemia confirmed morphologically and by t(15;17) translocation or molecular polymerase chain reaction\nRefractory to tretinoin, anthracyclines, and arsenic-based therapy (including arsenic trioxide) and for which no other alternative therapy of higher priority is appropriate\n\nPATIENT CHARACTERISTICS:\n\nAge:\n\n12 and over\n\nPerformance status:\n\nZubrod 0-3\n\nLife expectancy:\n\nMore than 4 weeks\n\nHematopoietic:\n\nSee Disease Characteristics\n\nHepatic:\n\nBilirubin no greater than 2.0 mg/dL\nALT no greater than 3 times upper limit of normal\n\nRenal:\n\nCreatinine no greater than 2.0 mg/dL\n\nCardiovascular:\n\nNo New York Heart Association class III or IV heart disease\nNo active ischemia\nNo other uncontrolled cardiac condition (e.g., angina pectoris, cardiac arrhythmia, hypertension, or congestive heart failure)\nNo myocardial infarction within the past 12 weeks\n\nOther:\n\nNo other concurrent illness that would preclude study\nNo other active malignancy\nNo uncontrolled active infection\nNo clinically significant screening serum chemistry results unless attributed to acute promyelocytic leukemia\nNo medical or psychiatric condition that would preclude informed consent or study therapy\nHIV negative\nHTLV-I and HTLV-II negative\nNot pregnant or nursing\nNegative pregnancy test\nFertile patients must use effective contraception\n\nPRIOR CONCURRENT THERAPY:\n\nBiologic therapy:\n\nPrior or concurrent leukapheresis allowed\n\nChemotherapy:\n\nSee Disease Characteristics\nAt least 15 days since prior systemic chemotherapy unless leukemia progression necessitates early therapy\nNo other concurrent systemic chemotherapy\n\nEndocrine therapy:\n\nNot specified\n\nRadiotherapy:\n\nNot specified\n\nSurgery:\n\nNot specified\n\nOther:\n\nRecovered from prior therapy\nAt least 15 days since other prior antileukemic therapy unless leukemia progression necessitates early therapy\nNo other concurrent antileukemic therapy",
          "HealthyVolunteers":"No",
          "Gender":"All",
          "MinimumAge":"12 Years",
          "StdAgeList":{
            "StdAge":[
              "Child",
              "Adult",
              "Older Adult"
            ]
          }
        },
        "ContactsLocationsModule":{
          "OverallOfficialList":{
            "OverallOfficial":[
              {
                "OverallOfficialName":"Jorge Cortes, MD",
                "OverallOfficialAffiliation":"M.D. Anderson Cancer Center",
                "OverallOfficialRole":"Study Chair"
              }
            ]
          },
          "LocationList":{
            "Location":[
              {
                "LocationFacility":"M. D. Anderson Cancer Center at University of Texas",
                "LocationCity":"Houston",
                "LocationState":"Texas",
                "LocationZip":"77030-4009",
                "LocationCountry":"United States"
              }
            ]
          }
        }
      },
      "DerivedSection":{
        "MiscInfoModule":{
          "VersionHolder":"April 19, 2021"
        },
        "ConditionBrowseModule":{
          "ConditionMeshList":{
            "ConditionMesh":[
              {
                "ConditionMeshId":"D000007938",
                "ConditionMeshTerm":"Leukemia"
              },{
                "ConditionMeshId":"D000015473",
                "ConditionMeshTerm":"Leukemia, Promyelocytic, Acute"
              }
            ]
          },
          "ConditionAncestorList":{
            "ConditionAncestor":[
              {
                "ConditionAncestorId":"D000009370",
                "ConditionAncestorTerm":"Neoplasms by Histologic Type"
              },{
                "ConditionAncestorId":"D000009369",
                "ConditionAncestorTerm":"Neoplasms"
              },{
                "ConditionAncestorId":"D000015470",
                "ConditionAncestorTerm":"Leukemia, Myeloid, Acute"
              },{
                "ConditionAncestorId":"D000007951",
                "ConditionAncestorTerm":"Leukemia, Myeloid"
              }
            ]
          },
          "ConditionBrowseLeafList":{
            "ConditionBrowseLeaf":[
              {
                "ConditionBrowseLeafId":"M9528",
                "ConditionBrowseLeafName":"Leukemia",
                "ConditionBrowseLeafAsFound":"Leukemia",
                "ConditionBrowseLeafRelevance":"high"
              },{
                "ConditionBrowseLeafId":"M9538",
                "ConditionBrowseLeafName":"Leukemia, Myeloid",
                "ConditionBrowseLeafRelevance":"low"
              },{
                "ConditionBrowseLeafId":"M16710",
                "ConditionBrowseLeafName":"Leukemia, Myeloid, Acute",
                "ConditionBrowseLeafRelevance":"low"
              },{
                "ConditionBrowseLeafId":"M16713",
                "ConditionBrowseLeafName":"Leukemia, Promyelocytic, Acute",
                "ConditionBrowseLeafAsFound":"Acute Promyelocytic Leukemia",
                "ConditionBrowseLeafRelevance":"high"
              },{
                "ConditionBrowseLeafId":"M10898",
                "ConditionBrowseLeafName":"Neoplasms by Histologic Type",
                "ConditionBrowseLeafRelevance":"low"
              },{
                "ConditionBrowseLeafId":"T3995",
                "ConditionBrowseLeafName":"Myeloid Leukemia",
                "ConditionBrowseLeafRelevance":"low"
              },{
                "ConditionBrowseLeafId":"T182",
                "ConditionBrowseLeafName":"Acute Myeloid Leukemia",
                "ConditionBrowseLeafRelevance":"low"
              },{
                "ConditionBrowseLeafId":"T188",
                "ConditionBrowseLeafName":"Acute Non Lymphoblastic Leukemia",
                "ConditionBrowseLeafRelevance":"low"
              },{
                "ConditionBrowseLeafId":"T191",
                "ConditionBrowseLeafName":"Acute Promyelocytic Leukemia",
                "ConditionBrowseLeafAsFound":"Acute Promyelocytic Leukemia",
                "ConditionBrowseLeafRelevance":"high"
              }
            ]
          },
          "ConditionBrowseBranchList":{
            "ConditionBrowseBranch":[
              {
                "ConditionBrowseBranchAbbrev":"BC04",
                "ConditionBrowseBranchName":"Cancers and Other Neoplasms"
              },{
                "ConditionBrowseBranchAbbrev":"All",
                "ConditionBrowseBranchName":"All Conditions"
              },{
                "ConditionBrowseBranchAbbrev":"Rare",
                "ConditionBrowseBranchName":"Rare Diseases"
              }
            ]
          }
        },
        "InterventionBrowseModule":{
          "InterventionMeshList":{
            "InterventionMesh":[
              {
                "InterventionMeshId":"D000077863",
                "InterventionMeshTerm":"Homoharringtonine"
              }
            ]
          },
          "InterventionAncestorList":{
            "InterventionAncestor":[
              {
                "InterventionAncestorId":"D000000972",
                "InterventionAncestorTerm":"Antineoplastic Agents, Phytogenic"
              },{
                "InterventionAncestorId":"D000000970",
                "InterventionAncestorTerm":"Antineoplastic Agents"
              },{
                "InterventionAncestorId":"D000011500",
                "InterventionAncestorTerm":"Protein Synthesis Inhibitors"
              },{
                "InterventionAncestorId":"D000004791",
                "InterventionAncestorTerm":"Enzyme Inhibitors"
              },{
                "InterventionAncestorId":"D000045504",
                "InterventionAncestorTerm":"Molecular Mechanisms of Pharmacological Action"
              }
            ]
          },
          "InterventionBrowseLeafList":{
            "InterventionBrowseLeaf":[
              {
                "InterventionBrowseLeafId":"M1920",
                "InterventionBrowseLeafName":"Homoharringtonine",
                "InterventionBrowseLeafAsFound":"Sandostatin",
                "InterventionBrowseLeafRelevance":"high"
              }
            ]
          },
          "InterventionBrowseBranchList":{
            "InterventionBrowseBranch":[
              {
                "InterventionBrowseBranchAbbrev":"ANeo",
                "InterventionBrowseBranchName":"Antineoplastic Agents"
              },{
                "InterventionBrowseBranchAbbrev":"All",
                "InterventionBrowseBranchName":"All Drugs and Chemicals"
              }
            ]
          }
        }
      }
    }
  }
}

